zip,stabbr,cty_name,est_per_capita,MEDFAMINC
7017,NJ,ESSEX,-0.5395335700492773,-0.45150387493487515
48649,MI,SAGINAW,-0.42495715376313603,-0.6679050048584859
33612,FL,HILLSBOROUGH,0.09292606366962891,-1.112765050093671
