zip,stabbr,cty_name,est_per_capita,MEDFAMINC
40906,KY,KNOX,-0.14748365345229647,-1.306773150011064
