zip,stabbr,cty_name,est_per_capita,MEDFAMINC
97350,OR,MARION,-0.11442551093240574,0.13941095782225388
45652,OH,SCIOTO,-0.5054061458998259,-1.1709702583604529
10923,NY,ROCKLAND,-0.19756003188824803,0.930446131937679
53590,WI,DANE,-0.10269317137846243,0.7935597065770897
4030,ME,YORK,-0.25022089198301645,0.4004592331800979
48876,MI,EATON,-0.5468529851720354,-0.22979620812393484
78223,TX,BEXAR,-0.43470775553881047,-0.9868250934954262
29401,SC,CHARLESTON,3.9136027212500593,2.525880062591595
51531,IA,SHELBY,0.221211050811543,-0.18584363558071332
