zip,stabbr,cty_name,est_per_capita,MEDFAMINC
33597,FL,SUMTER,-0.4804631919661214,-0.4632560482507934
50044,IA,MARION,-0.18119339620861316,-0.43169465608322094
99118,WA,FERRY,-0.4067069970489164,0.039086849444521364
26855,WV,GRANT,-0.22166618342907135,-0.2503277827822412
90212,CA,LOS ANGELES,6.1311264236747824,2.2193511543303037
50009,IA,POLK,-0.06323274327331231,0.2882440369082448
