zip,stabbr,cty_name,est_per_capita,MEDFAMINC
49346,MI,MECOSTA,-0.3050879883758482,-0.3090608664461921
48728,MI,ALCONA,0.155216151584132,-0.6045599571982173
39767,MS,MONTGOMERY,-0.4998652007175047,0.2157584100022619
77303,TX,MONTGOMERY,-0.2992981296397701,-0.2444655875821023
