zip,stabbr,cty_name,est_per_capita,MEDFAMINC
4097,ME,CUMBERLAND,0.02915441665205173,0.9456433867930154
14561,NY,ONTARIO,-0.29609323885545175,0.1571642409165134
25070,WV,PUTNAM,0.09990956723139606,-0.4003277443251318
36767,AL,DALLAS,-0.5888974940742528,-1.2535966494752069
35674,AL,COLBERT,-0.24443568677092592,-0.5463547489314353
