,zip,stabbr,cty_name,est_per_capita,MEDFAMINC
0,3887,NH,CARROLL,-0.4312887349763018,0.467388276957987
1,34711,FL,LAKE,0.09879283312694222,0.1468567792138995
