,est_per_capita,MEDFAMINC
0,-0.5395335700492773,-0.4515038749348751
1,-0.424957153763136,-0.6679050048584859
2,0.0929260636696289,-1.112765050093671
